"asset_id","asset_type","operational_state","maintenance_model","throughput_capacity","telemetry_feed.sensor_id","telemetry_feed.readings","traceability_id","created_at","updated_at"
"PA-CONV-001","CONVEYOR_BELT","RUNNING","PREDICTIVE_VIBRATION_MODEL_7D",750.0,"PA-CONV-001-TELEMETRY","[{ ""timestamp"":""2026-08-27T08:00:00Z"",""temperature_c"":38.5,""vibration_ms2"":0.04,""error_codes"":[]},{ ""timestamp"":""2026-08-27T09:00:00Z"",""temperature_c"":41.2,""vibration_ms2"":0.06,""error_codes"":[ ""WARN_DUST_INGRESSION""]}]","trace-PA-CONV-001-20260827","2026-08-27T08:00:00Z","2026-08-27T09:00:00Z"
"PA-CNC-001","CNC_MACHINE","RUNNING","PREDICTIVE_TOOL_WEAR_MODEL_14D",10.0,"PA-CNC-001-TELEMETRY","[{ ""timestamp"":""2026-08-27T08:00:00Z"",""temperature_c"":42.0,""vibration_ms2"":0.08,""error_codes"":[ ""WARN_VOLTAGE_FLUCTUATION""]},{ ""timestamp"":""2026-08-27T09:00:00Z"",""temperature_c"":44.5,""vibration_ms2"":0.10,""error_codes"":[ ""WARN_DUST_INGRESSION"",""WARN_VOLTAGE_FLUCTUATION""]}]","trace-PA-CNC-001-20260827","2026-08-27T08:00:00Z","2026-08-27T09:00:00Z"

"material_id","material_type","specifications","quantity","location","quality_status","traceability_id","created_at","updated_at"
"MAT-RAW-TOMATO-001","RAW","{ ""variety"":""Roma"",""origin"":""Eastern Province, Zambia"",""grade"":""Grade A"",""moisture_percent"":94.5}",2500.0,"WAREHOUSE_CHIPATA","PASSED","trace-MAT-RAW-TOMATO-001-20260827","2026-08-27T08:00:00Z","2026-08-27T08:00:00Z"
"MAT-FG-TOMATO-PASTE-001","FINISHED_GOOD","{ ""product_name"":""ZamTomato Paste 400g"",""package_type"":""400g can"",""shelf_life_months"":24,""zda_sub_sector"":""Agro-processing""}",1000.0,"FINISHED_GOODS_LUSAKA","PASSED","trace-MAT-FG-TOMATO-PASTE-001-20260827","2026-08-27T08:00:00Z","2026-08-27T08:00:00Z"

"order_id","product_to_produce","quantity_required","input_materials","assigned_assets","status","expected_duration","actual_duration","traceability_id","created_at","updated_at"
"WO-ZMB-2026-001","MAT-FG-TOMATO-PASTE-001",1000,"MAT-RAW-TOMATO-001","PA-CONV-001","COMPLETED","PT3H","PT3H20M","trace-WO-ZMB-2026-001-20260827","2026-08-27T08:00:00Z","2026-08-27T11:20:00Z"

"process_id","process_name","steps","quality_checkpoints","traceability_id","created_at","updated_at"
"PROC-TOMATO-PASTE-001","Produce ZamTomato Paste 400g","[{ ""step"":1,""operation"":""wash_and_sort"",""asset_type"":""CONVEYOR_BELT"",""material"":""MAT-RAW-TOMATO-001"",""duration"":""PT45M""},{ ""step"":2,""operation"":""crush_and_pulp"",""asset_type"":""CONVEYOR_BELT"",""material"":""MAT-RAW-TOMATO-001"",""duration"":""PT1H""},{ ""step"":3,""operation"":""heat_and_concentrate"",""asset_type"":""CONVEYOR_BELT"",""material"":""MAT-RAW-TOMATO-001"",""duration"":""PT1H15M""},{ ""step"":4,""operation"":""can_and_seal"",""asset_type"":""CONVEYOR_BELT"",""material"":""MAT-FG-TOMATO-PASTE-001"",""duration"":""PT1H""}]","[{ ""step"":1,""check"":""foreign_matter_inspection"",""threshold"":0.0},{ ""step"":3,""check"":""brix_measurement"",""threshold"":28.0},{ ""step"":4,""check"":""seal_integrity"",""threshold"":100.0}]","trace-PROC-TOMATO-PASTE-001-20260827","2026-08-27T08:00:00Z","2026-08-27T08:00:00Z"

"link_id","supplier_id","supplied_material","lead_time_model","reliability_score","cost_per_unit","traceability_id","created_at","updated_at"
"SCL-EASTERN-TOMATO-001","SUP-EASTERN-TOMATO-001","MAT-RAW-TOMATO-001","{ ""distribution"":""Normal"",""parameters"":{ ""mean"":""2d"",""std"":""0.5d""}}",0.92,3.5,"trace-SCL-EASTERN-TOMATO-001-20260827","2026-08-27T08:00:00Z","2026-08-27T08:00:00Z"
